frame,time_s,membrane_J,bending_J,kinetic_J,gravity_relative_J,cloth_mechanical_J,self_normal_J,body_normal_J,mechanical_plus_contact_J,overflow_rows,asymmetric_ee_pairs
0,0.0,1.0056317541191299e-12,2.4331901423218265,0.0,0.0,2.433190142322832,0.0,0.0,2.433190142322832,0,0
5,0.08333333333333333,0.25016571709950397,0.8793669686675268,0.0005890342972841784,-0.0015585893509598575,1.1285631307133552,0.0,0.0018812755351578399,1.130444406248513,0,0
10,0.16666666666666666,0.7375867258371602,0.977883309022211,0.0004186518412875504,-0.0032426777276864244,1.7126460089729723,0.0,0.001534959932606991,1.7141809689055791,0,0
15,0.25,1.0670929704526766,2.4294433285602297,0.00028936423886498906,-0.004365817829272353,3.492459845422499,0.052839326024167015,0.0032795031126844234,3.54857867455935,0,0
20,0.3333333333333333,1.5109171150374017,3.105598392732116,0.00013880381864140578,-0.005151800503715678,4.611502511084443,0.0012809491240411914,0.0005700938948852487,4.6133535541033694,0,0
25,0.4166666666666667,1.1091998333572686,3.0384483120514427,8.668544486865908e-07,-0.005361292478647195,4.1422877197845125,0.00022704716967314096,0.0002743817666804026,4.142789148720866,0,0
30,0.5,1.0194922218416358,3.0801598453016563,2.433989725338286e-07,-0.005373492527133414,4.094278818015131,0.0001864417534043733,0.00026132698165891863,4.094726586750195,0,0
35,0.5833333333333334,0.9700758143559272,3.092239383446418,1.641470036085459e-07,-0.005380616753515269,4.056934745195833,0.0001889267305182503,0.00024168444861435146,4.057365356374966,0,0
40,0.6666666666666666,0.9366114118513815,3.0875008747953405,1.3074937945859552e-07,-0.005385466604963238,4.018726950791138,0.00022475077714311848,0.00023453337596542753,4.019186234944247,0,0
45,0.75,0.9154399210799461,3.07491853261745,1.1379272323805222e-07,-0.005389502054830325,3.984969065435289,0.0002218486710000861,0.00023388565402224866,3.9854247997603114,0,0
50,0.8333333333333334,0.8992859492474305,3.0621524664415367,1.0396740750307922e-07,-0.005392958223354949,3.9560455614330197,0.00019958998846663663,0.00023246619905244783,3.9564776176205387,0,0
55,0.9166666666666666,0.8884563368262006,3.056353714497268,1.06818849286819e-07,-0.005396657916010655,3.9394135002263075,0.0001858004851582918,0.00023323974951460348,3.9398325404609804,0,0
60,1.0,0.8766811390614873,3.0509755926572355,6.646980040051569e-08,-0.005399773308444211,3.922257024880079,0.0001726331171606496,0.00023307679634453627,3.922662734793584,0,0
65,1.0833333333333333,0.8714383992316757,3.0435942480341556,2.1575082228567745e-07,-0.005402178972950325,3.9096306840437034,0.00040942793990461103,0.0004457938144134361,3.9104859057980215,0,0
70,1.1666666666666667,2.1516235244763298,3.1356655027904727,2.7211467895004947e-06,-0.005405057357035434,5.281886691056557,1.1776723369033104,33.64457164311018,40.10413067107005,0,0
75,1.25,9.534389961869346,3.6353887867520065,1.0602886080187013e-05,-0.005386275503136653,13.164403076004296,3.0447607052144257,191.41830833915654,207.62747212037527,0,0
80,1.3333333333333333,21.86819170359375,4.443582743944957,1.3266415738023251e-05,-0.005361493024191699,26.306426220930256,12.769537307969973,283.807573441564,322.8835369704642,0,0
85,1.4166666666666667,21.658702169827013,4.61762752793859,7.925734768305897e-05,-0.0052487376592168095,26.27116021745407,8.383331055609197,94.6515271578055,129.3060184308688,0,0
90,1.5,18.707631797507197,4.561095916599239,1.0523078761894422e-05,-0.004980106366646614,23.26375813081855,8.720881288457061,84.64670092732847,116.63134034660408,0,0
95,1.5833333333333333,19.27937465501291,4.416455219773546,5.417541932977158e-05,-0.004635713303774047,23.69124833690201,8.198328407875806,79.96505139956146,111.85462814433927,0,0
100,1.6666666666666667,19.637772123822913,4.334682678440208,7.929825347717767e-05,-0.004180487814155934,23.96835361270244,7.821278249496283,76.2957621474288,108.08539400962752,0,0
105,1.75,18.367651966828394,4.343615487221651,3.473855888799151e-05,-0.003928728664799944,22.707373463944133,7.4641331730198015,71.47631118207659,101.64781781904051,0,0
110,1.8333333333333333,17.158488988222956,4.469762578994842,8.900440224508459e-05,-0.004137576461592282,21.624202995158452,7.187035471311524,68.71050133439167,97.52173980086164,0,0
115,1.9166666666666667,16.394298587386547,4.630551504036117,7.16247925876193e-05,-0.004125454085106506,21.020796262130148,6.943113481843045,65.92118021434526,93.88508995831845,0,0
120,2.0,16.17826125914935,4.884196420735009,8.034345351774872e-05,-0.004118382976982443,21.058419640360896,6.6981183171378,63.23622310747186,90.99276106497055,0,0
125,2.0833333333333335,16.257784523655946,5.127890180717035,9.625003028948195e-05,-0.004081557779100617,21.38168939662417,6.4384361326051405,60.68324308076498,88.5033686099943,0,0
130,2.1666666666666665,16.497114976438652,5.370430889509498,0.00010404608494701528,-0.004039586409599102,21.863610325623497,6.179235086254058,58.209668226052166,86.25251363792972,0,0
135,2.25,16.556882533194358,5.547348882479662,0.0001446356815610797,-0.0039873592639312755,22.10038869209165,5.850617017356691,55.30836920668363,83.25937491613197,0,0
140,2.3333333333333335,17.827862944269974,5.606845082808453,0.00017163133435620407,-0.004012971739058249,23.430866686673724,6.736888907702542,242.23803920725285,272.4057948016291,0,0
145,2.4166666666666665,19.222624002886967,5.898704473844383,5.806698999868692e-05,-0.004260087273907573,25.11712645644744,12.6763697459361,214.82156952423142,252.61506572661494,0,0
150,2.5,18.9967904890273,5.967526053951235,0.00013723047319774066,-0.004482644914456005,24.959971128537276,1.5061224460412657,204.0420199470265,230.50811352160503,0,0
155,2.5833333333333335,21.556564980430593,6.05868349926097,0.00015199155937553903,-0.004770004558990085,27.610630466691948,2.761531131550398,55.97028394647266,86.342445544715,0,0
160,2.6666666666666665,15.773822455461993,6.145502155106853,6.16714036181757e-05,-0.004975252441237657,21.914411029531227,8.921296682860177,29.29826994152132,60.13397765391272,0,0
165,2.75,3.483892436834903,5.480076376125261,2.590960804017735e-05,-0.0050547664411656895,8.958939956127038,2.419179900318534,7.535374589094236,18.913494445539808,0,0
170,2.8333333333333335,1.8752415543604377,5.051926635396354,6.333596293381037e-06,-0.005079459162856986,6.922095064190228,0.0007649920445432029,0.0004672772926046911,6.923327333527376,0,0
175,2.9166666666666665,1.6809031396754528,4.800837859526042,1.3494561009921615e-05,-0.005068363715663396,6.476686130046841,0.0006247897798793269,1.8375076913552937,8.314818611182014,0,0
180,3.0,1.5724740442001166,4.5086947522362895,2.1861199167550744e-05,-0.005112427298233524,6.07607823033734,0.0007671328125841748,0.0005402345575264604,6.07738559770745,0,0
185,3.0833333333333335,1.537173809236867,4.380351991104712,1.4645172539480229e-05,-0.005167993914470911,5.912372451599648,0.0007719760762402075,0.0005559868511553945,5.913700414527044,0,0
190,3.1666666666666665,1.4932146384634182,4.331605708855751,1.0063328897765957e-05,-0.005217412091386389,5.81961299855668,0.0013244659589711667,0.0005847548149725264,5.821522219330624,0,0
195,3.25,1.454301531533575,4.368983093345551,1.5957047433451047e-06,-0.005245542299163616,5.818040678284706,0.0008110239427779773,0.000640901252455541,5.819492603479939,0,0
200,3.3333333333333335,1.4099513145470823,4.403245922371955,3.5089503825496243e-08,-0.005251108124344053,5.807946163884197,0.000789438913221553,0.0006469705864443367,5.809382573383863,0,0
205,3.4166666666666665,1.3796853152029724,4.419992325507717,1.8495059096149698e-08,-0.005253174773166794,5.794424484432582,0.0008036828430584152,0.0006492795526475618,5.795877446828288,0,0
210,3.5,1.3531939661116206,4.418397682691004,1.2890383191196172e-08,-0.005253078670063513,5.766338583022944,0.0008282946454314151,0.0006499539007529926,5.767816831569128,0,0
215,3.5833333333333335,1.333949725961745,4.416933094044981,8.975297023233908e-09,-0.005253450620719177,5.745629378361304,0.0008413621309969737,0.0006545977445110464,5.7471253382368115,0,0
220,3.6666666666666665,1.3158311320198994,4.415592977425541,8.132275568685154e-09,-0.005253744587934914,5.726170372989781,0.0008621882410733303,0.0006580382882067494,5.727690599519061,0,0
225,3.75,1.3033196633992943,4.417059189959479,7.561481259475238e-09,-0.005254417530872191,5.715124443389382,0.000872165515983681,0.0006705532914551749,5.716667162196821,0,0
230,3.8333333333333335,1.2883735940562762,4.415062961350555,6.934029705983793e-09,-0.0052546183209062625,5.698181944019955,0.0008830521660299435,0.0006659956752334549,5.699730991861218,0,0
235,3.9166666666666665,1.2791277317601515,4.414319812582837,1.0381065675382863e-08,-0.0052552480789511136,5.688192306645103,0.0009181787198761823,0.0006827873600715783,5.68979327272505,0,0
240,4.0,1.2657365327880565,4.413308320548108,6.0590403333042315e-09,-0.005255425082664092,5.673789434312541,0.0009248613490223283,0.0006813082307599234,5.675395603892324,0,0
245,4.083333333333333,4.451084058810019,4.457518970584464,4.085396359017591e-06,-0.005255830464125477,8.903351284326716,9.065168364023798,108.49671321697406,126.46523286532457,0,0
250,4.166666666666667,27.23212118665221,4.602059960635691,4.585024376747849e-06,-0.005259993606639757,31.82892573870564,13.722927934385421,749.0020287505344,794.5538824236254,0,0
255,4.25,55.049015000399955,5.516082896074306,9.617024666588214e-06,-0.005258952814600579,60.55984856068433,15.636315913464966,1176.6402733621371,1252.8364378362864,0,0
260,4.333333333333333,43.30718380625335,5.662472814463411,2.7425439426154246e-05,-0.005192637794271093,48.964491408361916,1.9267208161143154,119.05117758543975,169.942389809916,0,0
265,4.416666666666667,38.64819629270424,6.013441315013097,2.726559169915384e-05,-0.005096046997517867,44.65656882631152,1.6529982726610577,111.97615282581847,158.28571992479107,0,0
270,4.5,37.92230592754407,6.156278273228169,5.351889125287939e-05,-0.004935622912529983,44.073702096750964,1.5157660292685455,192.14355332655637,237.73302145257588,0,0
275,4.583333333333333,37.775774888222095,6.420550643130779,3.675270535740149e-05,-0.004732398989121547,44.19162988506911,1.4176689747003544,99.69556030270529,145.30485916247477,0,0
280,4.666666666666667,39.204688093808926,6.890681297490911,3.579034091790961e-05,-0.004735059188613347,46.09067012245214,1.3352174745529746,93.6896009261884,141.1154885231935,0,0
285,4.75,39.66351400638977,7.517986003224999,4.849033060105637e-05,-0.0047148155038271855,47.17683368444154,1.2692483930073024,88.55310789330453,136.99918997075338,0,0
290,4.833333333333333,39.35225944015593,8.241949955027142,4.478304363958594e-05,-0.004695848647164644,47.58955832957955,1.2119589145018437,175.72856774163273,224.53008498571413,0,0
295,4.916666666666667,39.31300940173436,8.836993238379712,6.260429637618772e-05,-0.004624020145488711,48.145441224264964,1.1200698356888388,79.47802908114646,128.74354014110025,0,0
300,5.0,40.141061754990815,9.29926918990289,7.423179728773852e-05,-0.004581152447906259,49.43582402424309,3.6575160661714943,200.6917542095929,253.78509430000747,0,0
305,5.083333333333333,37.97856161493997,10.042915181650999,1.2780133745582375e-05,-0.004692451206224954,48.01679712551849,1.117603327150323,71.11928739583757,120.25368784850639,0,0
310,5.166666666666667,37.80063494080254,10.96252547042193,3.6424849287237437e-06,-0.004812548969982358,48.758351504739416,1.1464432402219749,67.93541116360558,117.84020590856697,0,0
315,5.25,38.073001988366556,11.860300493801404,8.773091238396655e-06,-0.004917703128791487,49.92839355213041,1.138415520924014,64.91601591113475,115.98282498418916,0,1
320,5.333333333333333,9.12874137952993,12.28172503070454,1.0898504847912542e-05,-0.004977227389400027,21.405500081349917,0.22124723635614618,121.98498127880923,143.6117285965153,0,0
325,5.416666666666667,5.209634558864479,11.12413764398444,5.414912331034105e-06,-0.004948415826139155,16.32882920193511,0.013126344969005645,107.33295715539677,123.67491270230089,0,0
330,5.5,5.137142960383754,10.1217201694582,8.998170482426883e-06,-0.004919534330525055,15.25395259368191,0.011486618557645442,8.77975729081886,24.045196503058417,0,0
335,5.583333333333333,3.6119535650833416,9.742745303644874,2.653638277510021e-06,-0.00490767898462828,13.349793843381864,0.011822265607249617,0.002044200513454709,13.363660309502569,0,0
340,5.666666666666667,3.707625184838178,9.806711251149395,1.2108761154893565e-06,-0.004938378720471301,13.509399268143216,0.012811716197118728,0.0023042923841973284,13.524515276724532,0,0
345,5.75,3.684082742877031,9.852210218402739,2.0357265773727158e-07,-0.0049439214755390565,13.531349243376889,0.012709331446699675,0.002397133717022643,13.546455708540613,0,0
350,5.833333333333333,3.684037031691268,9.857897700221537,1.4816307220141104e-07,-0.004948838947194778,13.536986041128682,0.01291857822455205,0.002512508962631721,13.552417128315865,0,0
355,5.916666666666667,3.686230801374246,9.854489443657702,1.145655179018881e-07,-0.004952952915661571,13.535767406681805,0.012946622165304827,0.00257083546803165,13.551284864315141,0,0
360,6.0,3.6614900839396243,9.796059945627366,2.4618909541726347e-07,-0.0049552682005922916,13.452595007555495,0.012659352224836645,0.0025393185540723982,13.467793678334404,0,0
365,6.083333333333333,3.654635704148407,9.688157730619032,3.98690056345241e-07,-0.00495899814439503,13.337834835313101,0.012560258810233038,0.0027305127789046604,13.353125606902239,0,0
370,6.166666666666667,3.6543267131891213,9.590804789660783,9.265614047842904e-07,-0.0049650637206038045,13.240167365690706,0.01168697986555722,0.002696484421688557,13.254550829977951,0,0
375,6.25,3.709320891535321,9.568093643480324,7.046573567549688e-07,-0.004978214663061906,13.27243702500994,0.01195458312460754,0.002698954932226276,13.287090563066775,0,0
380,6.333333333333333,3.709907018666072,9.618551409208095,1.800235655482396e-07,-0.004990528986495366,13.323468078911237,0.01259544722825289,0.0028481568251125227,13.338911682964604,0,0
385,6.416666666666667,3.672571354894025,9.62618610599592,9.432783349790498e-08,-0.004995972878477431,13.2937615823393,0.013082211443309403,0.002924698831628148,13.309768492614237,0,0
390,6.5,3.625612081467988,9.598770111169046,5.138638151786993e-08,-0.004997496390930847,13.219384747632484,0.013084352540025067,0.002925284533510035,13.23539438470602,0,0
395,6.583333333333333,3.589121651811469,9.589850673357748,5.1570638566871694e-08,-0.004999973966434812,13.17397240277342,0.01299630967932839,0.002929222747657893,13.189897935200408,0,0
400,6.666666666666667,3.5486051021720932,9.566029992558242,4.61053890532421e-08,-0.005000271128858383,13.109634869706866,0.012623869605138772,0.0029050562294387606,13.125163795541445,0,0
405,6.75,3.521699311528908,9.563935594809385,4.0138709777124264e-08,-0.00500275840640417,13.080632188070599,0.012582503272843926,0.0029419875657264883,13.09615667890917,0,0
410,6.833333333333333,3.4925499103119666,9.559009167647378,3.880014813444744e-08,-0.005004275510002362,13.04655484124949,0.012227962007011917,0.002907283857436965,13.06169008711394,0,0
415,6.916666666666667,3.464640493744338,9.55110755701456,6.332805045006326e-08,-0.005005527755740771,13.010742586331208,0.012138063309416934,0.0028436971279253015,13.02572434676855,0,0
420,7.0,3.424830623522731,9.51524125912878,8.467365240240464e-08,-0.005004860124726299,12.935067107200437,0.011805612671781419,0.0027315377862491023,12.949604257658466,0,0
425,7.083333333333333,3.3852257842438407,9.467564627455719,1.1867550897968978e-07,-0.005003902783613193,12.847786627591455,0.011575062315545928,0.0027226662254581616,12.862084356132458,0,0
430,7.166666666666667,3.3545252026150476,9.435170736975637,1.1222329840730536e-07,-0.0050042282155133705,12.78469182359847,0.011502691096271445,0.0027113774131124965,12.798905892107854,0,0
435,7.25,3.3195340548752554,9.390923808809303,1.496329469150411e-07,-0.00500481517654662,12.705453198140958,0.01123949948012195,0.0026553050985892285,12.71934800271967,0,0
440,7.333333333333333,3.268770367931541,9.331479499202942,1.6918620587606865e-07,-0.00500325124506186,12.595246785075627,0.011153870508759163,0.0026504342149904214,12.609051089799376,0,0
445,7.416666666666667,3.2296780363589552,9.275830214635924,1.6712019826125377e-07,-0.005002930644449802,12.500505487470628,0.011040458445198457,0.0026535105250179705,12.514199456440844,0,0
450,7.5,3.17828914812415,9.219061925866036,2.8782304470549763e-07,-0.005002696925200514,12.392348664888031,0.011041272623667915,0.00260250228524436,12.405992439796943,0,0
455,7.583333333333333,3.1066252759106794,9.086933062336374,4.36545361318167e-07,-0.0050027782538276805,12.188555996538588,0.011069919329304404,0.0025432039634955676,12.202169119831389,0,0
460,7.666666666666667,3.0691170268434473,9.015299781646767,2.9519995690034705e-07,-0.005004139598561649,12.07941296409161,0.011058185550965067,0.0024998359318788507,12.092970985574453,0,0
465,7.75,3.0384681444428243,8.986572879372268,5.4810922903477074e-08,-0.0050048921279673975,12.020036186498048,0.010932097805853714,0.0024881092755186084,12.03345639357942,0,0
470,7.833333333333333,3.020782053397265,8.978289498189842,3.231197249308016e-08,-0.005005962897455488,11.994065621001624,0.011046444312356983,0.002525265278618224,12.0076373305926,0,0
475,7.916666666666667,3.028427411506327,8.999824996215835,2.9054566210768477e-08,-0.0050091406196872,12.023243296157041,0.010777001356954256,0.002606001974152552,12.036626299488148,0,0
480,8.0,3.0255126641732293,9.007435074103519,2.2303292397523784e-08,-0.005010665586417981,12.027937094993623,0.010868925226998567,0.0026386221884546093,12.041444642409077,0,0
485,8.083333333333334,3.0283539704547042,9.013744887176674,1.8689563320336856e-08,-0.00501223981448129,12.03708663650646,0.011056625771616507,0.0026653567033456844,12.050808618981423,0,0
490,8.166666666666666,3.0135107717446576,9.007696174359268,1.719751507289432e-08,-0.005012574701089081,12.01619438860035,0.01067347363220986,0.0026208228369302513,12.02948868506949,0,0
495,8.25,2.9983653931747893,9.012792515223818,1.8925280353938453e-08,-0.005012972480008079,12.00614495484388,0.010882380119433765,0.002655360602272161,12.019682695565585,0,0
500,8.333333333333334,2.9786985576721796,9.011158869721154,1.948782872149974e-08,-0.005012820513321928,11.98484462636784,0.010709573349340756,0.0025718486880123613,11.998126048405194,0,0
505,8.416666666666666,2.9631604774873006,9.010019601946283,2.3933783101239487e-08,-0.005012833884113957,11.968167269483253,0.012651419692706828,0.0027757803020606385,11.983594469478021,0,0
510,8.5,2.957951922263248,9.021256309883547,1.9142376336624215e-08,-0.005013613964234123,11.974194637324938,0.012913513700718887,0.0028041012777130685,11.98991225230337,0,0
515,8.583333333333334,2.952104356979044,9.026470327459693,1.5796877853281327e-08,-0.005014574009245279,11.973560126226369,0.012682513525199177,0.002855216797776951,11.989097856549344,0,0
520,8.666666666666666,2.9420040098773645,9.028230091112334,1.755688131317422e-08,-0.005015123958484857,11.965218994588096,0.012539685901067927,0.0030082491623562137,11.98076692965152,0,0
525,8.75,2.9448439971774025,9.049418864141419,1.801303569503626e-08,-0.005017460471372873,11.989245418860484,0.012824452391349082,0.0029838038203034477,12.005053675072137,0,0
530,8.833333333333334,2.943128894955667,9.062058584095869,1.4835433267575803e-08,-0.005019000766293122,12.000168493120675,0.013057759653765856,0.002917789328138334,12.01614404210258,0,0
535,8.916666666666666,2.9359714214062302,9.059652548136047,1.6248921315763255e-08,-0.005018880728772809,11.990605105062425,0.01305526991495435,0.0030587683475790974,12.006719143324958,0,0
540,9.0,2.9215866364190823,9.047841533054005,9.458433651973108e-09,-0.0050178657674035815,11.964410313164118,0.013029735528285505,0.0031092063512743093,11.980549255043677,0,0
545,9.083333333333334,2.9128343721982004,9.040559832740438,7.338015536156052e-09,-0.005017454917610353,11.948376757359044,0.013272904049104016,0.003004389900276314,11.964654051308425,0,0
550,9.166666666666666,2.9035674535268536,9.04025366295932,8.300656433543728e-09,-0.005017632015977727,11.938803492770852,0.013076222529852924,0.0031043258260103268,11.954984041126714,0,0
555,9.25,2.897755551690078,9.041692306083895,8.720101361070854e-09,-0.005018060331691734,11.934429806162383,0.013346940657676405,0.0030519226162090754,11.950828669436268,0,0
560,9.333333333333334,2.8830701718331007,9.031352271426881,1.1254556038359682e-08,-0.005017655606688459,11.909404798907849,0.01373420592831614,0.003144742023821415,11.926283746859985,0,0
565,9.416666666666666,2.872402609988977,9.025980322001399,6.969879538636162e-09,-0.005017543800183807,11.893365395160071,0.014056866083183343,0.0030812867815895447,11.910503548024845,0,0
570,9.5,2.8602344838064484,9.019275434035208,8.378584371154677e-09,-0.005017106786901579,11.874492819433339,0.01372213113895029,0.003066215630725357,11.891281166203015,0,0
575,9.583333333333334,2.8489201989428974,9.013628086635379,9.182082672575989e-09,-0.005016695184716882,11.857531599575642,0.013298473881022553,0.0031705871274443215,11.874000660584109,0,0
580,9.666666666666666,2.8396080436870763,9.006941501699249,1.782784392487829e-08,-0.005016360999614,11.841533202214555,0.013325601315769167,0.0031633292329335335,11.858022132763256,0,0
585,9.75,2.8308637610610905,9.004769629734273,2.050481649733696e-08,-0.00501618650648375,11.830617224793697,0.013939199165446586,0.003442441905665034,11.84799886586481,0,1
590,9.833333333333334,2.826715015453897,8.999844810168801,6.929208007384941e-09,-0.005016178136948046,11.821543654414958,0.015448427404582533,0.003607692279087914,11.840599774098628,0,0
595,9.916666666666666,2.8176678718546624,9.005094180855192,1.0332836506978668e-08,-0.0050167775091368855,11.817745285533555,0.011228039597204788,0.0023753662477740134,11.831348691378533,0,0
600,10.0,2.8118394536301703,9.008965611696631,7.445205991391392e-09,-0.005017467251138399,11.81578760552087,0.009972868756499236,0.0023856987332859358,11.828146173010655,0,0
605,10.083333333333334,2.793666129001973,8.999756986938145,2.561702734915436e-08,-0.005016896605502516,11.788406244951643,0.009730506491948886,0.002318395119061402,11.800455146562653,0,0
610,10.166666666666666,2.7678022153631807,8.976668625442134,1.0548508890780317e-08,-0.0050149257527547925,11.739455925601069,0.009632078193329216,0.002318072803229764,11.751406076597627,0,0
615,10.25,2.7617084624421615,8.978744834466491,1.2973148022381883e-08,-0.005015351843953145,11.735437958037847,0.013759747198096531,0.002726735690321839,11.751924440926265,0,0
620,10.333333333333334,2.75353507591103,8.98339439957536,6.51286339893811e-09,-0.005015672070015562,11.731913809929239,0.016370387574834704,0.004638652278729945,11.752922849782804,0,0
625,10.416666666666666,2.7422976942857895,8.98499750162853,5.167953709574987e-09,-0.005015949300490707,11.722279251781783,0.009589036886743986,0.002302766195882022,11.73417105486441,0,0
630,10.5,2.73304257302792,8.98587845977016,1.1623709562326562e-08,-0.0050162946412831005,11.713904749780506,0.009633782992198988,0.002387573887583502,11.725926106660287,0,0
635,10.583333333333334,2.7233981543686077,8.983028981281151,6.158084526789703e-09,-0.0050161892197198715,11.701410952588123,0.009587687263138384,0.0023914938410524813,11.713390133692315,0,0
640,10.666666666666666,2.713747116259926,8.979088568053935,7.100846921455491e-09,-0.005015724913130501,11.687819966501579,0.00935650178526375,0.0023459054349240158,11.699522373721766,0,0
645,10.75,2.704405320388746,8.97071270865862,1.494425646308089e-08,-0.0050150796387644775,11.670102964352859,0.01514118642747293,0.0039751373361927465,11.689219288116524,0,0
650,10.833333333333334,2.7030519248658673,8.970774907230158,4.001699931051105e-09,-0.005015471390060075,11.668811364707665,0.009304273197577774,0.00232366531675071,11.680439303221995,0,0
655,10.916666666666666,2.701740002262153,8.971437572868737,9.72460780464411e-09,-0.005015665810482836,11.668161919045016,0.015353530228401725,0.002640642876032921,11.68615609214945,0,0
660,11.0,2.6940627498453233,8.969975731477703,4.822182992127332e-09,-0.005015800855154781,11.659022685290054,0.009190736498284746,0.002291391336250635,11.67050481312459,0,0
665,11.083333333333334,2.6890991062763074,8.96358535175231,7.857427103293058e-09,-0.0050160694947698065,11.647668396391273,0.016027225634367002,0.0030841250434229285,11.666779747069063,0,0
670,11.166666666666666,2.673998357283926,8.946050386262122,4.582308883266579e-09,-0.005015286138555244,11.615033461989801,0.008918867242383601,0.0022460228665821145,11.626198352098768,0,0
675,11.25,2.660780189777709,8.93047708974002,5.3600083858584804e-09,-0.00501443615362733,11.58624284872411,0.00882805539211744,0.002206413304978496,11.597277317421206,0,0
680,11.333333333333334,2.6531185115261904,8.920048561420646,4.3317399596519216e-09,-0.005014296584341604,11.568152780694236,0.008856274202541141,0.0022043631436949726,11.579213418040473,0,0
685,11.416666666666666,2.6479376328380804,8.92707775531585,8.964007819974613e-09,-0.005015006730446123,11.570000390387492,0.00892261578966303,0.0022320410548751822,11.581155047232029,0,0
690,11.5,2.643284563553057,8.928299345715427,7.660168600025245e-09,-0.005015474857241561,11.56656844207141,0.008728878737925574,0.0022166024997260004,11.577513923309061,0,0
695,11.583333333333334,2.6370934693188817,8.92797177474866,7.034954393553508e-09,-0.005015834902813779,11.560049416199682,0.015901719698387145,0.002385368993037681,11.578336504891107,0,0
700,11.666666666666666,2.634603827970933,8.928976646735643,5.4551762656872725e-09,-0.005016389660456741,11.558564090501296,0.008758692350883272,0.0022349886894646835,11.569557771541643,0,0
705,11.75,2.635901260835582,8.938657021933995,6.408722501947932e-09,-0.005017292070991081,11.569540997107309,0.009005049192562748,0.0022752362889386047,11.58082128258881,0,0
710,11.833333333333334,2.6382418935341283,8.954268310828217,9.36976133740242e-09,-0.005018313795545751,11.58749189993656,0.00890863807386174,0.002262059786548226,11.598662597796972,0,0
715,11.916666666666666,2.6416499928242776,8.972050845433273,4.619999096307512e-09,-0.005019385602750906,11.608681457274798,0.009034509129220892,0.002306568980436927,11.620022535384456,0,0
720,12.0,2.643939527341969,8.978409392556136,3.901910960589601e-09,-0.005020194958769236,11.617328728841247,0.008972103963106106,0.002246803275334533,11.628547636079688,0,0
725,12.083333333333334,2.6310206269391676,8.97322692735527,1.293728926069555e-08,-0.005019692423857594,11.59922787480787,0.012554413452696095,0.002500181599953211,11.614282469860518,0,0
730,12.166666666666666,2.6292795151421258,8.965292229509945,7.89062298205616e-09,-0.005019497070079648,11.589552255472615,0.008922942810390116,0.002259145114872612,11.600734343397878,0,0
735,12.25,2.6244202316134913,8.95985884423574,6.317494514831752e-09,-0.0050193706152519835,11.579259711551474,0.010052068175788253,0.002418789943206854,11.591730569670469,0,0
740,12.333333333333334,2.6240142825411827,8.960632812689926,5.929663545091226e-09,-0.005019751991246643,11.579627349169526,0.008870219730818897,0.002274442520078736,11.590772011420423,0,0
745,12.416666666666666,2.6257844346265666,8.96757663019865,4.7905302415253655e-09,-0.005020551041724358,11.588340518574022,0.008981740479321479,0.0022732590410894605,11.599595518094432,0,0
750,12.5,2.6203211820657284,8.964999723201949,7.936070971214669e-09,-0.005020688192320391,11.580300225011428,0.009014857453789145,0.0023002548310072386,11.591615337296224,0,0
755,12.583333333333334,2.616950748112684,8.96235759693977,6.4133701123397825e-09,-0.00502062179609003,11.574287729669733,0.02060870129250248,0.0033934256151781136,11.598289856577413,0,0
760,12.666666666666666,2.609547811678337,8.96282789161518,9.34064916342919e-09,-0.0050208531452566735,11.56735485948891,0.012852723099232528,0.00273488997784279,11.582942472565986,0,0
765,12.75,2.6083385448324274,8.960355420831783,5.326907829340633e-09,-0.0050211596837577005,11.563672811307361,0.018748274978384355,0.0035530308831209128,11.585974117168865,0,0
770,12.833333333333334,2.6039822347558967,8.958823730528465,6.534845342855311e-09,-0.005021387569750804,11.557784584249456,0.009046099582646615,0.002325677353250691,11.569156361185351,0,0
775,12.916666666666666,2.59334388905426,8.952842788156659,6.8473174121120305e-09,-0.005021188078734459,11.541165495979502,0.008859422048317692,0.0023250898562271346,11.552350007884046,0,0
780,13.0,2.575006189937655,8.929520219478253,5.41686331143881e-09,-0.005020085528683313,11.499506329304088,0.009533039118167701,0.002380785993973418,11.511420154416228,0,0
785,13.083333333333334,2.5646340352827197,8.923962224287497,6.181309257857917e-09,-0.00502003685723891,11.483576228894286,0.009084154572396613,0.002581310383089067,11.495241693849772,0,0
790,13.166666666666666,2.5532314168199988,8.91723937783882,4.968565486869047e-09,-0.005019677987963808,11.46545112163942,0.008182023021754007,0.0022180225661169745,11.475851167227292,0,0
795,13.25,2.548294370406785,8.912746361499732,5.534593516260717e-09,-0.005019803324015901,11.456020934117095,0.0104228550853784,0.0027965343286666597,11.46924032353114,0,0
800,13.333333333333334,2.5412645625800003,8.911451063480566,6.852669696592836e-09,-0.005019910881398804,11.447695722031836,0.008252743131163623,0.002220099806802018,11.458168564969803,0,0
805,13.416666666666666,2.5333931162075647,8.902595665625721,4.397410893039705e-09,-0.005019568656056142,11.43096921757464,0.008064826159155436,0.002177315426215162,11.441211359160011,0,0
810,13.5,2.5306579477476028,8.898697045793252,5.916767059783608e-09,-0.00501979694519207,11.42433520251243,0.008128162359868882,0.0021940552078267743,11.434657420080125,0,0
815,13.583333333333334,2.5249085053099143,8.895759206806357,4.312083456659786e-09,-0.005019762762173266,11.41564795366618,0.011653971701081935,0.0027303497908308426,11.430032275158093,0,0
820,13.666666666666666,2.5264495381603918,8.89916563681926,7.501616366563348e-09,-0.005020601992463139,11.420594580488805,0.010642107361490549,0.00275557521105461,11.43399226306135,0,0
825,13.75,2.525764080521283,8.902319274366501,6.012298422604694e-09,-0.005021418710068906,11.423061942190014,0.008202805724186671,0.002215741993821456,11.433480489908021,0,0
830,13.833333333333334,2.5229970252050187,8.899655671406158,5.141019619185782e-09,-0.005021616870521453,11.417631084881675,0.009361025112741112,0.0025163769941393306,11.429508486988555,0,0
835,13.916666666666666,2.5269355057284413,8.910237357070216,4.4393076002808705e-09,-0.005022390552200523,11.432150476685765,0.008284303081891872,0.002252730394980193,11.442687510162637,0,0
840,14.0,2.523630823114604,8.908274878916686,5.930966017666552e-09,-0.005022472743629491,11.426883235218627,0.009158841640354924,0.00248930431476646,11.438531381173748,0,0
845,14.083333333333334,2.5211398695798892,8.907415729280888,4.298624619973583e-09,-0.005022576682592844,11.42353302647681,0.009291029979871886,0.0026192887105975903,11.435443345167279,0,0
850,14.166666666666666,2.5154052536955867,8.902237643198792,5.50714807188656e-09,-0.00502235784878656,11.41262054455274,0.00834813696668543,0.002207196835763502,11.423175878355188,0,0
855,14.25,2.509723258084221,8.905698080103885,6.29825081737406e-09,-0.005022479926424281,11.410398864559932,0.00939437412633724,0.0025453268686142904,11.422338565554883,0,0
860,14.333333333333334,2.5052930238035174,8.903250945799293,7.994822797470379e-09,-0.005022672294418079,11.403521305303215,0.008521756063090764,0.0023020127446671517,11.414345074110974,0,0
865,14.416666666666666,2.490705605202961,8.904159291732952,9.768374159812577e-09,-0.005022236408452507,11.389842670295835,0.009425776672563689,0.0024550268197887585,11.401723473788186,0,0
870,14.5,2.485936670520716,8.896761401738411,1.0952744173320623e-08,-0.005022040119557161,11.377676043092315,0.021046675005353267,0.0025298286207391303,11.401252546718407,0,0
875,14.583333333333334,2.4828010486937666,8.89285361194631,1.0677319426479192e-08,-0.005022040124238639,11.370632631193157,0.008821618698274445,0.002363528138055811,11.381817778029486,0,0
880,14.666666666666666,2.4697631785152936,8.8763033053663,5.4491699269340743e-08,-0.005021255911290032,11.341045282462002,0.017793828689646258,0.0020987029975590176,11.360937814149207,0,0
885,14.75,2.4855503672481243,8.894013915447237,1.2740144308787788e-08,-0.005023003674837906,11.374541291760668,0.00856025146062627,0.002330705052439767,11.385432248273734,0,0
890,14.833333333333334,2.4679678641774894,8.879588603132682,3.524161672475722e-08,-0.005022014632100377,11.342534487919687,0.024888309800724366,0.0024187162213911133,11.369841513941802,0,0
895,14.916666666666666,2.4611136540273755,8.863829213765662,1.0468372570289874e-08,-0.00502154709444011,11.31992133116697,0.03471781843041788,0.0028876738420564882,11.357526823439445,0,0
900,15.0,2.4704142989646334,8.870709387216893,9.006885088367737e-09,-0.005022299885201795,11.33610139530321,0.034960480821136064,0.0032786307836375657,11.374340506907982,0,0
905,15.083333333333334,2.475582670631773,8.879475920808634,4.923178741828599e-09,-0.005023020222077193,11.350035576141508,0.015006931845282425,0.00329683196026257,11.368339339947054,0,0
910,15.166666666666666,2.4793698764777883,8.897465938784064,6.09905700016942e-09,-0.00502413970846699,11.371811681652442,0.01449052658280449,0.003263873157330172,11.389566081392577,0,0
915,15.25,2.479557174319544,8.904552288042774,4.873563362035261e-09,-0.005024823998649661,11.379084643237231,0.013267764405864385,0.0027129736897514548,11.395065381332847,0,0
920,15.333333333333334,2.479385737914288,8.907441634119209,4.291654414403667e-09,-0.0050253568560892775,11.381802019469061,0.014231520798815307,0.0030099856286863007,11.399043525896564,0,0
925,15.416666666666666,2.4777825720639512,8.908106423710258,6.020898097857005e-09,-0.005025768553962098,11.380863233241145,0.014008840348895492,0.0027616272192583155,11.397633700809298,0,0
930,15.5,2.473867668539043,8.907597048882335,7.0077718801218414e-09,-0.005026118913306191,11.376438605515844,0.014838131176212337,0.0028540990796331036,11.394130835771689,0,0
935,15.583333333333334,2.465671644499407,8.901652207945347,7.672106477252177e-09,-0.005025776131081766,11.36229808398578,0.015452788800420746,0.003290782788097763,11.381041655574297,0,0
940,15.666666666666666,2.467200309909672,8.906824871989638,5.370533118709026e-09,-0.005026416711357937,11.368998770558486,0.014815480615040563,0.0028456863543685398,11.386659937527893,0,0
945,15.75,2.468906949257999,8.915449717362923,4.526381467155038e-09,-0.005027131584275854,11.379329539563027,0.014471354215546631,0.0029052276087104508,11.396706121387284,0,0
950,15.833333333333334,2.4659018678825255,8.915409389157745,4.793531727538687e-09,-0.005027311048249411,11.376283950785552,0.014783635791618583,0.0028741355350798197,11.39394172211225,0,0
955,15.916666666666666,2.46612086007278,8.920873686338904,5.885259131443085e-09,-0.00502770770192755,11.381966844595016,0.01528801827915163,0.0028758098262309873,11.4001306727004,0,0
960,16.0,2.459901291910489,8.913347582627651,1.249702425982618e-08,-0.0050274815184806615,11.368221405516683,0.01566091061700664,0.00283239573226727,11.386714711865958,0,0
965,16.083333333333332,2.470331592869041,8.920820463195993,9.028166838883507e-09,-0.005028461421560063,11.38612360367164,0.015796252862137376,0.002930222239865961,11.404850078773645,0,0
970,16.166666666666668,2.4721298713290936,8.929202093851579,6.244622118773421e-09,-0.005028913488638001,11.396303057936656,0.01679918959359051,0.0029880845272884093,11.416090332057536,0,0
975,16.25,2.465256550448487,8.919401177028508,6.995237344931368e-09,-0.005028276192004855,11.379629458280228,0.01610328496784631,0.0029327832354243714,11.398665526483498,0,0
980,16.333333333333332,2.4655623119517625,8.913867918040431,3.453322313005352e-09,-0.005028162860544916,11.37440207058497,0.0162921501569864,0.003021639448212938,11.39371586019017,0,0
985,16.416666666666668,2.4640321294031615,8.909761507917317,6.262971117515813e-09,-0.005028157103033434,11.368765486480417,0.017148535320137756,0.0031378887638478362,11.389051910564401,0,0
990,16.5,2.465518341539862,8.908083369603341,4.019590061458339e-09,-0.005028358246618583,11.368573356916174,0.017321909953186564,0.0031760054677468516,11.389071272337109,0,0
995,16.583333333333332,2.4661612273750126,8.906857694601525,5.390108492045865e-09,-0.005028581944477625,11.367990345422168,0.018395126628341182,0.0032972085335667284,11.389682680584077,0,0
1000,16.666666666666668,2.4594776545097643,8.89740185563966,5.134271143445254e-09,-0.005028341834302064,11.351851173449393,0.019292463701937455,0.0033687130064028094,11.374512350157733,0,0
1005,16.75,2.4574592068698626,8.89596599070798,4.669516028000326e-09,-0.005028567228181444,11.348396635019178,0.019197179535577168,0.0034505847077080983,11.371044399262464,0,0
1010,16.833333333333332,2.457045525386362,8.892541490033878,8.290177083251729e-09,-0.005028654137512897,11.344558369572905,0.019436831683361418,0.003517313368558905,11.367512514624824,0,0
1015,16.916666666666668,2.4642415822754566,8.902323623521498,4.702389119016553e-09,-0.00502961333996528,11.36153559715938,0.019766558272965702,0.003615046397176464,11.384917201829522,0,0
1020,17.0,2.440934494361052,8.90466938948719,5.466833742369483e-09,-0.005029943383541402,11.340573945931533,0.007846149563979131,0.002254716701003072,11.350674812196516,0,0
1025,17.083333333333332,2.4325371669478044,8.90165974539019,3.6197930398308993e-09,-0.005030017308001303,11.329166898649785,0.007782972899727105,0.002239683413797776,11.33918955496331,0,0
1030,17.166666666666668,2.425067243842991,8.8980302870601,4.224728473834816e-09,-0.0050300211870879935,11.318067513940733,0.007797986251320348,0.0022127386465196327,11.328078238838573,0,0
1035,17.25,2.4142951324331037,8.889543799739602,5.152474497248643e-09,-0.005029683453321013,11.298809253871859,0.0076845712753974655,0.002178884022512868,11.30867270916977,0,0
1040,17.333333333333332,2.4133767553908023,8.890083649167064,5.631485325571046e-09,-0.005030005764771653,11.29843040442458,0.0078192058268198,0.0022363466243250484,11.308485956875726,0,0
1045,17.416666666666668,2.407538262506768,8.891481919700851,3.238958170237983e-09,-0.00503010301931546,11.293990082427262,0.007628218512333514,0.0021928930480915937,11.303811193987688,0,0
1050,17.5,2.4061654483778154,8.89809372575756,4.6205434711529105e-09,-0.005030575990328204,11.299228602765591,0.0076305482962647385,0.002205043265624748,11.30906419432748,0,0
1055,17.583333333333332,2.3939425212573355,8.880117180458267,6.848448594604344e-09,-0.005029868532172618,11.269029840031878,0.007815953048478045,0.002189772205429175,11.279035565285787,0,0
1060,17.666666666666668,2.384063607629103,8.855605662442883,4.659272426436273e-09,-0.005028805900285302,11.234640468830973,0.007604592211966911,0.0021591755619976005,11.244404236604938,0,0
1065,17.75,2.3811866069121477,8.84680651375536,3.6911947585431845e-09,-0.005028713688766506,11.222964410669936,0.007597478390486349,0.002153144399868461,11.232715033460291,0,0
1070,17.833333333333332,2.3862753537535317,8.854033327698255,6.152215170015474e-09,-0.005029419220880613,11.235279268383122,0.007430359866446448,0.0022147036209904745,11.24492433187056,0,0
1075,17.916666666666668,2.3841725293223197,8.855946147511872,2.9189187054218187e-09,-0.005029835576393443,11.235088844176717,0.007385509360467668,0.002238762196338733,11.244713115733523,0,0
1080,18.0,2.38455785822336,8.862778367512519,3.61913991841723e-09,-0.005030257606735519,11.242305971748284,0.007524423747859511,0.002246842398829175,11.252077237894973,0,0
1085,18.083333333333332,2.38414446850811,8.865320859910813,2.8448249876870217e-09,-0.005030488184121731,11.244434843079627,0.007477115446626564,0.0022746978853894683,11.254186656411644,0,0
1090,18.166666666666668,2.380293194941402,8.860315977008316,2.5543794909908263e-09,-0.005030477294017913,11.23557869721008,0.007934029263909178,0.0022703305846207495,11.24578305705861,0,0
1095,18.25,2.3745671345393116,8.856293342750432,4.809205771763581e-09,-0.0050303238779523946,11.225830158220997,0.007183444443700261,0.0022136374347305294,11.235227240099428,0,0
1100,18.333333333333332,2.362440155260992,8.840482340830208,2.4616735085876966e-09,-0.005029558852872318,11.1978929397,0.007048989916654215,0.0021476040263631565,11.20708953364302,0,0
1105,18.416666666666668,2.3537339601499547,8.833594305423102,2.116071749641527e-09,-0.005029257069607107,11.182299010619522,0.0070303098910603325,0.0021501780190358215,11.191479498529619,0,0
1110,18.5,2.348347656305844,8.828368033456487,5.1925229172781725e-09,-0.0050289618550243415,11.171686733099829,0.007035309354370968,0.0021773866831094565,11.18089942913731,0,0
1115,18.583333333333332,2.343784804300233,8.826326991915447,3.1806492820825015e-09,-0.005028770677198022,11.165083028719131,0.007019055053058866,0.00214710999979416,11.174249193771985,0,0
1120,18.666666666666668,2.33788736186419,8.82219246343774,8.21227821075614e-09,-0.005028668135681216,11.155051165378527,0.007199567787951099,0.00215497250913845,11.164405705675618,0,0
1125,18.75,2.335417833344641,8.81823656857972,3.6188794827736524e-09,-0.005028828991230652,11.14862557655201,0.007320465985030602,0.0021431100927422073,11.158089152629783,0,0
1130,18.833333333333332,2.33897097092862,8.820829798737922,3.6688320337664815e-09,-0.005029359305680645,11.154771414029693,0.007228574315570793,0.0021376315822736946,11.164137619927537,0,0
1135,18.916666666666668,2.3353538962584333,8.817387243298429,3.5111172604922953e-09,-0.005029376327210802,11.147711766740768,0.007129509965285925,0.002111137857511453,11.156952414563564,0,0
1140,19.0,2.32876162450818,8.803106047926137,9.678553972387444e-09,-0.005028691249776077,11.126838990863096,0.007021666912651241,0.002091881989251267,11.135952539764999,0,0
1145,19.083333333333332,2.3242737802914295,8.790768770197289,9.655884073926976e-09,-0.005028388294519251,11.110014171850084,0.021906904631694063,0.002559348730183081,11.13448042521196,0,0
1150,19.166666666666668,2.300913464247752,8.753484109301773,1.908132961655443e-08,-0.005026215375130094,11.049371377255724,0.019822464509948765,0.0018391286317101883,11.071032970397383,0,0
1155,19.25,2.2977448446430633,8.740245570948641,2.2373173375182408e-08,-0.00502548923626743,11.03296494872861,0.020837986339704715,0.0019569998171553365,11.05575993488547,0,0
1160,19.333333333333332,2.3121079051194617,8.759080852692275,1.895655846646819e-08,-0.005027570435053433,11.066161206333241,0.020350818727424648,0.0021683807998804927,11.088680405860545,0,0
1165,19.416666666666668,2.3250592128615497,8.773955240326881,7.24100469365932e-09,-0.005029081534612442,11.093985378894823,0.02109720068938751,0.0031432348960162343,11.118225814480228,0,0
1170,19.5,2.3248054564721197,8.777931359909271,8.574431411207316e-09,-0.005029362513950433,11.097707462441871,0.07829297648502304,0.004999539562449008,11.180999978489345,0,0
1175,19.583333333333332,2.3183147121372167,8.767117626130911,6.088883495938994e-09,-0.0050285497660174094,11.080403794590994,0.02655350512686242,0.0034943386975611716,11.110451638415418,0,0
1180,19.666666666666668,2.317404488100606,8.76038159381985,5.8878510428916706e-09,-0.0050285297400784745,11.07275755806823,0.02449427894619921,0.0034317155665802555,11.100683552581009,0,0
1185,19.75,2.317480297182414,8.762560150944608,3.3422134802215264e-09,-0.0050288003142587995,11.075011651154977,0.022826907543701796,0.003395057448740006,11.10123361614742,0,0
1190,19.833333333333332,2.3171601843361884,8.761027036726885,4.7325064087197e-09,-0.0050288757905090214,11.073158350005071,0.02551256346348378,0.0034802685548018953,11.102151182023356,0,0
1195,19.916666666666668,2.319838330011957,8.764053550936037,3.4658664104908263e-09,-0.005029254580780504,11.07886262983308,0.026033593698935893,0.0036605377650824646,11.108556761297098,0,0
1200,20.0,2.3182070287461087,8.760659349328257,4.375073973382571e-09,-0.0050290578725189355,11.073837324576921,0.027666777921143283,0.0036756346513525293,11.105179737149417,0,0
